{"data": [0.5644064998133815, 0.6525794613520118, 0.5055544971513214], "indices": [4922, 4925, 6128], "indptr": [0, 3], "shape": [1, 6952]}